id,name,rank
224517,Brass: Birmingham,1
342942,Ark Nova,2
161936,Pandemic Legacy: Season 1,3
174430,Gloomhaven,4
316554,Dune: Imperium,5
233078,Twilight Imperium: Fourth Edition,6
397598,Dune: Imperium – Uprising,7
115746,War of the Ring: Second Edition,8
167791,Terraforming Mars,9
187645,Star Wars: Rebellion,10
162886,Spirit Island,11
291457,Gloomhaven: Jaws of the Lion,12
220308,Gaia Project,13
12333,Twilight Struggle,14
84876,The Castles of Burgundy,15
182028,Through the Ages: A New Story of Civilization,16
418059,SETI: Search for Extraterrestrial Intelligence,17
338960,Slay the Spire: The Board Game,18
193738,Great Western Trail,19
295770,Frosthaven,20
246900,Eclipse: Second Dawn for the Galaxy,21
421006,The Lord of the Rings: Duel for Middle-earth,22
28720,Brass: Lancashire,23
173346,7 Wonders Duel,24
167355,Nemesis,25
169786,Scythe,26
177736,A Feast for Odin,27
266507,Clank! Legacy: Acquisitions Incorporated,28
124361,Concordia,29
312484,Lost Ruins of Arnak,30
341169,Great Western Trail: Second Edition,31
205637,Arkham Horror: The Card Game,32
373106,Sky Team,33
237182,Root,34
120677,Terra Mystica,35
164928,Orléans,36
192135,Too Many Bones,37
266192,Wingspan,38
251247,Barrage,39
96848,Mage Knight Board Game,40
321608,Hegemony: Lead Your Class to Victory,41
199792,Everdell,42
324856,The Crew: Mission Deep Sea,43
183394,Viticulture Essential Edition,44
521,Crokinole,45
284378,Kanban EV,46
366013,Heat: Pedal to the Metal,47
285774,Marvel Champions: The Card Game,48
247763,Underwater Cities,49
175914,Food Chain Magnate,50
256960,Pax Pamir: Second Edition,51
253344,Cthulhu: Death May Die,52
365717,Clank!: Catacombs,53
3076,Puerto Rico,54
383179,Age of Innovation,55
390092,Ticket to Ride Legacy: Legends of the West,56
184267,On Mars,57
295947,Cascadia,58
414317,Harmonies,59
314040,Pandemic Legacy: Season 0,60
102794,Caverna: The Cave Farmers,61
185343,Anachrony,62
170216,Blood Rage,63
31260,Agricola,64
251661,Oathsworn: Into the Deepwood,65
231733,Obsession,66
182874,Grand Austria Hotel,67
161533,Lisboa,68
240980,Blood on the Clocktower,69
255984,Sleeping Gods,70
221107,Pandemic Legacy: Season 2,71
126163,Tzolk'in: The Mayan Calendar,72
2651,Power Grid,73
205059,Mansions of Madness: Second Edition,74
216132,Clans of Caledonia,75
371942,The White Castle,76
244521,Quacks,77
380607,Great Western Trail: New Zealand,78
266810,Paladins of the West Kingdom,79
35677,Le Havre,80
125153,The Gallerist,81
124742,Android: Netrunner,82
164153,Star Wars: Imperial Assault,83
200680,Agricola (Revised Edition),84
276025,Maracaibo,85
209010,Mechs vs. Minions,86
322289,Darwin's Journey,87
337627,Voidfall,88
366161,Wingspan Asia,89
284083,The Crew: The Quest for Planet Nine,90
332772,Revive,91
55690,Kingdom Death: Monster,92
28143,Race for the Galaxy,93
367966,Endeavor: Deep Sea,94
157354,Five Tribes: The Djinns of Naqala,95
230802,Azul,96
277659,Final Girl,97
201808,Clank!: A Deck-Building Adventure,98
159675,Fields of Arle,99
93,El Grande,100
72125,Eclipse: New Dawn for the Galaxy,101
256916,Concordia Venus,102
291453,SCOUT,103
191189,Aeon's End,104
110327,Lords of Waterdeep,105
359871,Arcs,106
229853,Teotihuacan: City of Gods,107
317985,Beyond the Sun,108
413246,Bomb Busters,109
62219,Dominant Species,110
25613,Through the Ages: A Story of Civilization,111
279537,The Search for Planet X,112
364073,Splendor Duel,113
68448,7 Wonders,114
225694,Decrypto,115
359609,Arkham Horror: The Card Game (Revised Core Set),116
121921,Robinson Crusoe: Adventures on the Cursed Island,117
171623,The Voyages of Marco Polo,118
12,Ra,119
163068,Trickerion: Legends of Illusion,120
217372,The Quest for El Dorado,121
155821,Inis,122
37111,Battlestar Galactica: The Board Game,123
310873,Carnegie,124
410201,Wyrmspan,125
271055,Dwellings of Eldervale,126
310100,Nemesis: Lockdown,127
236457,Architects of the West Kingdom,128
42,Tigris & Euphrates,129
122515,Keyflower,130
40834,Dominion: Intrigue,131
170042,Raiders of the North Sea,132
264220,Tainted Grail: The Fall of Avalon,133
436217,The Lord of the Rings: Fate of the Fellowship,134
227935,Wonderland's War,135
18602,Caylus,136
146021,Eldritch Horror,137
73439,Troyes,138
203993,Lorenzo il Magnifico,139
4098,Age of Steam,140
391137,Galactic Cruise,141
269385,The Lord of the Rings: Journeys in Middle-Earth,142
172386,Mombasa,143
396790,Nucleum,144
36218,Dominion,145
163412,Patchwork,146
43015,Hansa Teutonica,147
102680,Trajan,148
218417,Aeon's End: War Eternal,149
12493,Twilight Imperium: Third Edition,150
144733,Russian Railroads,151
175640,Vinhos: Deluxe Edition,152
205896,Rising Sun,153
391163,Forest Shuffle,154
196340,Yokohama,155
254640,Just One,156
175155,Forbidden Stars,157
325494,ISS Vanguard,158
198928,Iberia,159
233371,Clank! In! Space!: A Deck-Building Adventure,160
178900,Codenames,161
180263,The 7th Continent,162
189932,Tyrants of the Underdark,163
172287,Champions of Midgard,164
220877,Rajas of the Ganges,165
463,Magic: The Gathering,166
304783,Hadrian's Wall,167
258779,Planet Unknown,168
132531,Roll for the Galaxy,169
30549,Pandemic,170
118048,Targi,171
266524,PARKS,172
147020,Star Realms,173
161970,Alchemists,174
235802,Too Many Bones: Undertow,175
14996,Ticket to Ride: Europe,176
209418,Dominion (Second Edition),177
263918,Cartographers,178
262712,Res Arcana,179
268864,Undaunted: Normandy,180
429293,The Lord of the Rings: The Fellowship of the Ring – Trick-Taking Game,181
249259,War Chest,182
271324,It's a Wonderful World,183
274364,Watergate,184
77423,The Lord of the Rings: The Card Game,185
34635,Stone Age,186
358661,Andromeda's Edge,187
328871,Terraforming Mars: Ares Expedition,188
308765,Praga Caput Regni,189
148949,Istanbul,190
281259,The Isle of Cats,191
294484,Unmatched: Cobble & Fog,192
146652,Legendary Encounters: An Alien Deck Building Game,193
296151,Viscounts of the West Kingdom,194
82222,Xia: Legends of a Drift System,195
127023,Kemet,196
2511,Sherlock Holmes Consulting Detective: The Thames Murders & Other Cases,197
265188,Glen More II: Chronicles,198
271896,Star Wars: Outer Rim,199
283948,Marco Polo II: In the Service of the Khan,200
233398,Endeavor: Age of Sail,201
103885,Star Wars: X-Wing Miniatures Game,202
244522,That's Pretty Clever!,203
54043,Jaipur,204
364011,Great Western Trail: Argentina,205
329082,Radlands,206
350184,Earth,207
316377,7 Wonders (Second Edition),208
283355,Dune,209
233867,Welcome To...,210
339789,Welcome to the Moon,211
400602,Civolution,212
332686,John Company: Second Edition,213
188920,This War of Mine: The Board Game,214
43111,Chaos in the Old World,215
314491,Meadow,216
9609,War of the Ring,217
227224,The Red Cathedral,218
10630,Memoir '44,219
118,Modern Art,220
199561,Sagrada,221
374173,Star Wars: The Deckbuilding Game,222
242302,Space Base,223
104162,Descent: Journeys in the Dark (Second Edition),224
256680,Return to Dark Tower,225
25021,Sekigahara: The Unification of Japan,226
39463,Cosmic Encounter,227
420033,Vantage,228
155426,Castles of Mad King Ludwig,229
300531,Paleo,230
299659,Clash of Cultures: Monumental Edition,231
342070,Thunder Road: Vendetta,232
128882,The Resistance: Avalon,233
188,Go,234
103343,A Game of Thrones: The Board Game (Second Edition),235
31627,Ticket to Ride: Nordic Countries,236
287954,Azul: Summer Pavilion,237
17133,Railways of the World,238
282524,Horrified,239
822,Carcassonne,240
148228,Splendor,241
70149,Ora et Labora,242
171131,Captain Sonar,243
416851,Castle Combo,244
104006,Village,245
123260,Suburbia,246
14105,Commands & Colors: Ancients,247
269207,The Taverns of Tiefenthal,248
215,Tichu,249
285967,Ankh: Gods of Egypt,250
150376,Dead of Winter: A Crossroads Game,251
241451,Aeon's End: Legacy,252
293014,Nidavellir,253
356080,The Elder Scrolls: Betrayal of the Second Era,254
7854,YINSH,255
9209,Ticket to Ride,256
165722,KLASK,257
385761,Faraway,258
182631,Star Realms: Colony Wars,259
91,Paths of Glory,260
245638,Coimbra,261
306735,Under Falling Skies,262
367220,Sea Salt & Paper,263
188834,Secret Hitler,264
283155,Calico,265
295486,My City,266
260605,Camel Up (Second Edition),267
54998,Cyclades,268
126042,Nations,269
223040,Fantasy Realms,270
224037,Codenames: Duet,271
329839,So Clover!,272
146886,La Granja,273
195421,Near and Far,274
21050,Combat Commander: Europe,275
232832,Century: Golem Edition,276
221194,Dinosaur Island,277
129437,Legendary: A Marvel Deck Building Game,278
295895,Distilled,279
158600,Hanamikoji,280
3,Samurai,281
367150,Dune: War for Arrakis,282
232405,Western Legends,283
192291,Sushi Go Party!,284
318977,MicroMacro: Crime City,285
176189,Zombicide: Black Plague,286
156129,Deception: Murder in Hong Kong,287
199478,Flamme Rouge,288
351913,Tiletum,289
176494,Isle of Skye: From Chieftain to King,290
274637,"Unmatched: Battle of Legends, Volume One",291
19857,Glory to Rome,292
224783,Vindication,293
169426,Roll Player,294
286096,Tapestry,295
300322,Hallertau,296
555,The Princes of Florence,297
311193,Anno 1800: The Board Game,298
150145,Skull King,299
284189,Foundations of Rome,300
156546,Monikers,301
323612,Bitoku,302
198994,Hero Realms,303
228341,Pulsar 2849,304
270633,Aeon's End: The New Age,305
297562,Kemet: Blood and Sand,306
194655,Santorini,307
9216,Goa,308
421,1830: Railways & Robber Barons,309
109276,Kanban: Driver's Edition,310
20551,Shogun,311
31481,Galaxy Trucker,312
400366,Wondrous Creatures,313
400314,Apiary,314
128621,Viticulture,315
230253,Star Realms: Frontiers,316
244271,Dice Throne: Season Two – Battle Chest,317
284653,Mind MGMT: The Psychic Espionage “Game.”,318
277085,Love Letter,319
329500,Unconscious Mind,320
356123,Turing Machine,321
140620,Lewis & Clark: The Expedition,322
27708,1960: The Making of the President,323
760,Battle Line,324
127060,Bora Bora,325
204583,Kingdomino,326
331106,The Witcher: Old World,327
298047,Marvel United,328
370591,Dorfromantik: The Board Game,329
2655,Hive,330
305096,Endless Winter: Paleoamericans,331
291572,Oath,332
206718,Ethnos,333
349067,The Lord of the Rings: The Card Game – Revised Core Set,334
223321,Detective: A Modern Crime Board Game,335
246784,Cryptid,336
144344,Rococo,337
27833,Steam,338
239188,Chronicles of Crime,339
318184,Imperium: Classics,340
19777,Indonesia,341
50,Lost Cities,342
139976,Cthulhu Wars,343
350316,Wayfarers of the South Tigris,344
146508,T.I.M.E Stories,345
108745,Seasons,346
262211,Cloudspire,347
92828,Dixit: Odyssey,348
46213,Telestrations,349
332800,Summoner Wars (Second Edition),350
302723,Forgotten Waters,351
160477,Onitama,352
172,For Sale,353
257499,Arkham Horror (Third Edition),354
295374,Long Shot: The Dice Game,355
342810,Marrakesh,356
111341,The Great Zimbabwe,357
385529,The Vale of Eternity,358
350933,The Guild of Merchant Explorers,359
155068,Arcadia Quest,360
5,Acquire,361
66589,Navegador,362
176734,The Manhattan Project: Energy Empire,363
24181,Imperial,364
319966,The King Is Dead: Second Edition,365
129622,Love Letter,366
333255,Keep the Heroes Out!,367
276182,Dead Reckoning,368
97207,Dungeon Petz,369
345972,Cat in the Box: Deluxe Edition,370
308119,Pax Renaissance: 2nd Edition,371
2653,Survive: Escape from Atlantis!,372
38453,Space Alert,373
47,Chinatown,374
54,Tikal,375
260180,Project L,376
22545,Age of Empires III: The Age of Discovery,377
209685,Century: Spice Road,378
184921,Bunny Kingdom,379
234277,Nusfjord,380
63888,Innovation,381
155873,Power Grid Deluxe: Europe/North America,382
143693,Glass Road,383
136888,Bruges,384
311988,Frostpunk: The Board Game,385
379078,Expeditions,386
227789,Heaven & Ale,387
163967,Tiny Epic Galaxies,388
245655,The King's Dilemma,389
154203,Imperial Settlers,390
188866,Awkward Guests: The Walton Case,391
54138,Imperial 2030,392
202426,Sidereal Confluence,393
181279,Fury of Dracula (Third/Fourth Edition),394
336986,Flamecraft,395
187617,Nemo's War (Second Edition),396
301880,Raiders of Scythia,397
93260,Summoner Wars: Master Set,398
336382,Marvel United: X-Men,399
285192,Destinies,400
40692,Small World,401
48726,Alien Frontiers,402
354934,Legacy of Yu,403
59294,Runewars,404
203420,EXIT: The Game – The Abandoned Cabin,405
318084,Furnace,406
172081,Burgle Bros.,407
21241,Neuroshima Hex,408
304420,Bonfire,409
246192,Gizmos,410
25292,Merchants & Marauders,411
172818,Above and Below,412
247367,"Air, Land, & Sea",413
219513,Bärenpark,414
345584,Mindbug: First Contact,415
193037,Dead of Winter: The Long Night,416
39856,Dixit,417
219650,Arydia: The Paths We Dare Tread,418
271601,Feed the Kraken,419
274638,Unmatched: Robin Hood vs. Bigfoot,420
128271,Ginkgopolis,421
77130,Sid Meier's Civilization: The Board Game,422
176920,Mission: Red Planet (Second/Third Edition),423
140934,Arboretum,424
297030,Tekhenu: Obelisk of the Sun,425
59959,Letters from Whitechapel,426
411567,The Gang,427
372,Schotten Totten,428
45315,Dungeon Lords,429
13122,Antiquity,430
40354,Maria,431
155987,Abyss,432
351040,Ready Set Bet,433
368173,Let's Go! To Japan,434
70919,Takenoko,435
199042,Harry Potter: Hogwarts Battle,436
8217,San Juan,437
245934,Carpe Diem,438
181304,Mysterium,439
146439,BattleLore: Second Edition,440
246684,Smartphone Inc.,441
90137,Blood Bowl: Team Manager – The Card Game,442
119890,Agricola: All Creatures Big and Small,443
37046,Ghost Stories,444
319910,Pagan: Fate of Roanoke,445
195539,The Godfather: Corleone's Empire,446
41114,The Resistance,447
357563,Akropolis,448
315767,Cartographers Heroes,449
269210,Twice as Clever!,450
318182,Imperium: Legends,451
303057,Pan Am,452
171,Chess,453
25554,Notre Dame,454
24480,The Pillars of the Earth,455
397385,Pirates of Maracaibo,456
244711,Newton,457
260428,Fall of Rome,458
163745,Star Wars: Armada,459
384213,Fromage,460
334590,For Northwood! A Solo Trick-Taking Game,461
334986,Daybreak,462
284742,Honey Buzz,463
234487,Altiplano,464
177478,IKI,465
552,Bus,466
39683,At the Gates of Loyang,467
192458,51st State: Master Set,468
222509,Lords of Hellas,469
250458,Gùgōng,470
9217,Saint Petersburg,471
290484,Unsettled,472
15987,Arkham Horror,473
234,Hannibal: Rome vs. Carthage,474
322708,Descent: Legends of the Dark,475
206480,Imperial Struggle,476
385610,Kutná Hora: The City of Silver,477
365258,World Wonders,478
343905,Boonlake,479
92415,Skull,480
70323,King of Tokyo,481
101721,Mage Wars Arena,482
236191,London (Second Edition),483
335764,"Unmatched: Battle of Legends, Volume Two",484
194594,Dice Forge,485
258210,Blitzkrieg!: World War Two in 20 Minutes,486
386368,Ezra and Nehemiah,487
198773,Codenames: Pictures,488
375459,Speakeasy,489
315610,Massive Darkness 2: Hellscape,490
367498,Horizons of Spirit Island,491
31594,In the Year of the Dragon,492
316412,The LOOP,493
215311,Downforce,494
128671,Spartacus: A Game of Blood and Treachery,495
436126,Finspan,496
298069,Cubitos,497
21348,Ticket to Ride: Märklin,498
256226,Azul: Stained Glass of Sintra,499
286751,Zombicide: 2nd Edition,500
318243,Hitster,501
33160,Endeavor,502
381297,Unmatched Adventures: Tales to Amaze,503
352515,Trio,504
293141,King of Tokyo: Dark Edition,505
292375,The Great Wall,506
34219,Biblios,507
417197,Rebirth,508
328565,Caper: Europe,509
1,Die Macher,510
166669,San Juan (Second Edition),511
265736,Tiny Towns,512
138161,Firefly: The Game,513
367041,Scholars of the South Tigris,514
356033,Libertalia: Winds of Galecrest,515
144592,Bruxelles 1893,516
151347,Millennium Blades,517
379629,Knarr,518
71,Civilization,519
342900,Earthborne Rangers,520
262543,Wavelength,521
368305,Life of the Amazonia,522
355093,Woodcraft,523
150,PitchCar,524
182134,Evolution: Climate,525
420087,Flip 7,526
325635,Unmatched: Little Red Riding Hood vs. Beowulf,527
229220,Santa Maria,528
446497,Hot Streak,529
338834,MicroMacro: Crime City – Full House,530
156858,Black Orchestra,531
17392,Here I Stand,532
66188,Fresco,533
100901,Flash Point: Fire Rescue,534
170771,Sword & Sorcery,535
220,High Society,536
186751,Mythic Battles: Pantheon,537
251658,Sprawlopolis,538
54625,Space Hulk (Third Edition),539
27162,Kingsburg,540
18833,The Lord of the Rings: The Confrontation,541
353288,Trekking Through History,542
408180,Shackleton Base: A Journey to the Moon,543
62222,Commands & Colors: Napoleonics,544
503,Through the Desert,545
154809,Nippon,546
55670,Macao,547
204305,Sherlock Holmes Consulting Detective: Jack the Ripper & West End Adventures,548
11,Bohnanza,549
161614,Stockpile,550
192153,Reign of Cthulhu,551
12942,No Thanks!,552
40765,Clash of Cultures,553
124708,Mice and Mystics,554
158899,Colt Express,555
144189,Fire in the Lake,556
264241,Mandala,557
216600,Fantastic Factories,558
359438,Skymines,559
36932,Claustrophobia,560
175095,Dawn of the Zeds (Third Edition),561
63628,The Manhattan Project,562
121,Dune,563
205398,Citadels,564
96913,Lancaster,565
290359,Undaunted: North Africa,566
11170,Heroscape Master Set: Rise of the Valkyrie,567
243,Advanced Squad Leader,568
215341,Thunderstone Quest,569
256952,Zombie Kidz Evolution,570
239942,Black Rose Wars,571
269144,Hadara,572
66362,Glen More,573
434654,Toy Battle,574
176396,Quadropolis,575
79828,A Few Acres of Snow,576
383607,Barcelona,577
283393,Aquatica,578
256730,Pipeline,579
307002,Regicide,580
353545,Next Station: London,581
478,Citadels,582
194607,Mystic Vale,583
43570,Friday,584
295564,Unmatched Game System,585
169427,Middara: Unintentional Malum – Act 1,586
15062,Shadows over Camelot,587
242705,Aeon Trespass: Odyssey,588
290236,Canvas,589
270844,Imperial Settlers: Empires of the North,590
180974,Potion Explosion,591
293296,Splendor: Marvel,592
98778,Hanabi,593
20437,Lords of Vegas,594
274960,Point Salad,595
5404,Amun-Re,596
226522,EXIT: The Game – Dead Man on the Orient Express,597
233312,Stuffed Fables,598
137408,Amerigo,599
136063,Forbidden Desert,600
25417,BattleLore,601
193042,Junk Art,602
162082,Deus,603
157969,Sheriff of Nottingham,604
21790,Thurn and Taxis,605
240196,Betrayal Legacy,606
150658,Pandemic: The Cure,607
6249,Alhambra,608
266830,QE,609
83330,Mansions of Madness,610
340466,Unfathomable,611
13,CATAN,612
348450,Lacrimosa,613
191862,Imhotep,614
17226,Descent: Journeys in the Dark,615
105134,Risk Legacy,616
318009,Dinosaur Island: Rawr 'n Write,617
712,Blood Bowl (Third Edition),618
117959,Las Vegas,619
245654,Railroad Ink: Deep Blue Edition,620
232414,Oceans,621
336794,Galaxy Trucker (Second Edition),622
284435,Nova Luna,623
156009,Port Royal,624
142379,Escape Plan,625
197376,Charterstone,626
9674,Ingenious,627
144797,Argent: The Consortium,628
404431,Men-Nefer,629
177639,Raptor,630
84419,Space Empires 4X,631
218074,Detective: City of Angels,632
62227,"Labyrinth: The War on Terror, 2001 – ?",633
422732,Agent Avenue,634
252328,Star Wars: X-Wing (Second Edition),635
31999,TZAAR,636
196326,Love Letter: Premium Edition,637
146791,Shadows of Brimstone: City of the Ancients,638
97786,Small World Underground,639
153938,Camel Up,640
128996,1775: Rebellion,641
28023,Jamaica,642
280794,Etherfields,643
91312,Discworld: Ankh-Morpork,644
31730,Wabash Cannonball,645
245961,Fleet: The Dice Game,646
18,RoboRally,647
387866,Star Wars: Unlimited,648
262215,Blackout: Hong Kong,649
133473,Sushi Go!,650
181530,Runebound (Third Edition),651
17405,1846: The Race for the Midwest,652
125618,Libertalia,653
171668,The Grizzled,654
119506,Freedom: The Underground Railroad,655
170561,Valeria: Card Kingdoms,656
183251,Karuba,657
170624,Crusaders: Thy Will Be Done,658
296237,Warp's Edge,659
97842,Last Will,660
371433,Terrorscape,661
90419,Airlines Europe,662
346965,Azul: Queen's Garden,663
15985,Blood Bowl: Living Rulebook,664
172308,Broom Service,665
2346,DVONN,666
163968,Elysium,667
206941,First Class: All Aboard the Orient Express!,668
127398,Legends of Andor,669
147949,One Night Ultimate Werewolf,670
432,Take 5,671
284777,Unmatched: Jurassic Park – InGen vs Raptors,672
264055,Draftosaurus,673
248490,Atlantis Rising (Second Edition),674
221965,The Fox in the Forest,675
307305,Bullet♥︎,676
27173,Vikings,677
133848,Euphoria: Build a Better Dystopia,678
4390,Carcassonne: Hunters and Gatherers,679
328866,My Father's Work,680
65781,London,681
102652,Sentinels of the Multiverse,682
362944,War of the Ring: The Card Game,683
22827,StarCraft: The Board Game,684
475,Taj Mahal,685
15363,Nexus Ops,686
265402,In the Hall of the Mountain King,687
341945,La Granja: Deluxe Master Set,688
95527,Madeira,689
256999,Project: ELITE,690
34119,Tales of the Arabian Nights,691
213460,Unlock!: Escape Adventures,692
105551,Archipelago,693
304051,Creature Comforts,694
415776,Kingdom Legacy: Feudal Kingdom,695
151022,Baseball Highlights: 2045,696
281655,High Frontier 4 All,697
216734,Dice Throne: Season One,698
27746,Colosseum,699
699,HeroQuest,700
232043,Queendomino,701
36553,Time's Up! Title Recall!,702
346501,Mille Fiori,703
193949,Star Trek: Ascendancy,704
133038,Pathfinder Adventure Card Game: Rise of the Runelords – Base Set,705
237179,Weather Machine,706
406652,Compile: Main 1,707
42215,Tobago,708
131357,Coup,709
130960,Triumph & Tragedy: European Balance of Power 1936-1945,710
266121,Unlock!: Heroic Adventures,711
347703,First Rat,712
381248,Nemesis: Retaliation,713
46,Medici,714
42052,Vinhos,715
159508,AquaSphere,716
244115,Shards of Infinity,717
58421,Egizia,718
337765,Brian Boru: High King of Ireland,719
345868,Federation,720
269511,Cooper Island,721
875,Roads & Boats,722
128780,Pax Porfiriana,723
111799,Cuba Libre,724
5782,Coloretto,725
291845,Three Sisters,726
369880,Beer & Bread,727
354570,Undaunted: Stalingrad,728
355483,Wandering Towers,729
363247,Azul: Master Chocolatier,730
298383,Golem,731
190082,Whitehall Mystery,732
192836,The Colonists,733
329551,Mosaic: A Story of Civilization,734
23540,Shikoku 1889,735
141572,Paperback,736
244114,Yellow & Yangtze,737
9625,Struggle of Empires,738
39351,Automobile,739
224710,Zombicide: Green Horde,740
153016,Telestrations: 12 Player Party Pack,741
286063,The 7th Citadel,742
270673,Silver & Gold,743
370913,Star Wars: The Clone Wars,744
123123,BattleCON: Devastation of Indines,745
30869,Thebes,746
140603,Francis Drake,747
2398,Cribbage,748
135779,A Fake Artist Goes to New York,749
113924,Zombicide,750
6472,A Game of Thrones,751
328479,Living Forest,752
39938,Carson City,753
13004,The Downfall of Pompeii,754
143519,Quantum,755
306040,Merv: The Heart of the Silk Road,756
160010,Conan,757
273330,Bloodborne: The Board Game,758
262941,Dominant Species: Marine,759
10547,Betrayal at House on the Hill,760
334065,Verdant,761
298231,Skyrise,762
37904,Formula D,763
135219,The Battle of Five Armies,764
403441,Windmill Valley,765
41,Can't Stop,766
258036,Between Two Castles of Mad King Ludwig,767
42776,Gears of War: The Board Game,768
155703,Evolution,769
380619,Cyclades: Legendary Edition,770
326494,The Adventures of Robin Hood,771
171499,Cacao,772
3685,Hammer of the Scots,773
1353,Time's Up!,774
107529,Kingdom Builder,775
24508,Taluva,776
347305,Inventions: Evolution of Ideas,777
233247,Civilization: A New Dawn,778
169255,A Game of Thrones: The Card Game (Second Edition),779
209778,Magic Maze,780
100423,Elder Sign,781
368061,Zoo Vadis,782
180593,The Bloody Inn,783
174785,Mare Nostrum: Empires,784
204472,Sub Terra,785
306881,Railroad Ink Challenge: Lush Green Edition,786
3201,Lord of the Rings: The Confrontation,787
283864,Trails of Tucana,788
361545,Twilight Inscription,789
300300,Chronicles of Crime: 1400,790
271518,Disney Villainous: Wicked to the Core,791
205359,Star Wars: Destiny,792
454103,Magical Athlete,793
300905,Top Ten,794
163166,One Night Ultimate Werewolf: Daybreak,795
21763,Mr. Jack,796
316624,Stationfall,797
163839,Feudum,798
212445,Blood Bowl (2016 Edition),799
371330,Luthier,800
218603,Photosynthesis,801
270239,Moonrakers,802
338957,Caesar!: Seize Rome in 20 Minutes!,803
399941,River of Gold,804
266164,Babylonia,805
202670,Ticket to Ride: Rails & Sails,806
296912,Fort,807
121408,Trains,808
346703,7 Wonders: Architects,809
132018,Churchill,810
424219,Zenith,811
69789,Ascension: Deckbuilding Game,812
279613,Unlock!: Timeless Adventures,813
193558,The Oracle of Delphi,814
283863,The Magnificent,815
1513,The Republic of Rome,816
254708,Roll Player Adventures,817
2955,Mexica,818
425549,Moon Colony Bloodbath,819
113294,Escape: The Curse of the Temple,820
249381,The Estates,821
242639,Treasure Island,822
284760,Disney Villainous: Evil Comes Prepared,823
88,Torres,824
220517,The Shipwreck Arcana,825
198953,Pax Renaissance,826
180511,Shakespeare,827
301255,Whistle Mountain,828
231581,AuZtralia,829
148729,Maquis,830
183840,Oh My Goods!,831
214880,Chicago 1875: City of the Big Shoulders,832
123540,Tokaido,833
318560,Witchstone,834
71721,Space Hulk: Death Angel – The Card Game,835
58281,Summoner Wars,836
119432,Snowdonia,837
331787,Tiny Epic Dungeons,838
30380,Cuba,839
29603,D-Day at Omaha Beach,840
167400,Ashes Reborn: Rise of the Phoenixborn,841
50750,Belfort,842
7717,Carcassonne: The Castle,843
156336,Onirim (Second Edition),844
183562,Star Wars: X-Wing Miniatures Game – The Force Awakens Core Set,845
257501,KeyForge: Call of the Archons,846
168584,Love Letter: Batman,847
241590,Smart10,848
213893,Yamataï,849
154825,Arkwright,850
363307,Evergreen,851
20100,Wits & Wagers,852
280480,Crystal Palace,853
267609,Guards of Atlantis II,854
70512,Luna,855
238799,Messina 1347,856
203416,EXIT: The Game – The Pharaoh's Tomb,857
1465,Wizard,858
146278,Tash-Kalar: Arena of Legends,859
244608,Menara,860
126792,Myrmes,861
270970,Century: A New World,862
45,Perudo,863
143741,BANG! The Dice Game,864
299169,Spicy,865
483,Diplomacy,866
165401,Wir sind das Volk!,867
299684,Khôra: Rise of an Empire,868
281442,Trismegistus: The Ultimate Formula,869
121288,Dixit: Journey,870
256788,Detective Club,871
20963,Fury of Dracula (Second Edition),872
232219,Dragon Castle,873
158435,Dogs of War,874
134726,Smash Up: Awesome Level 9000,875
316546,Clever Cubed,876
11825,Empire of the Sun: The Pacific War 1941-1945,877
143515,Coal Baron,878
255692,New Frontiers,879
223770,Startups,880
351817,Marvel Zombies: A Zombicide Game,881
73761,K2,882
242574,Century: Eastern Wonders,883
2453,Blokus,884
168435,Between Two Cities,885
358320,Sleeping Gods: Distant Skies,886
15512,Diamant,887
394106,Everdell Farshore,888
40628,Finca,889
226320,My Little Scythe,890
444481,Star Wars: Battle of Hoth,891
244331,Blue Lagoon,892
72321,The Networks: Primetime,893
241724,Villagers,894
162007,Steampunk Rally,895
65532,Defenders of the Realm,896
21882,Blue Moon City,897
218333,Rhino Hero: Super Battle,898
87890,Prêt-à-Porter,899
382843,Evacuation,900
264052,Circadians: First Light,901
314503,Codex Naturalis,902
51,Ricochet Robots,903
244228,Reef,904
181521,Warhammer Quest: The Adventure Card Game,905
155624,Specter Ops,906
16747,Tumblin' Dice,907
253499,A War of Whispers,908
150997,Shadows of Brimstone: Swamps of Death,909
276498,Paris: La Cité de la Lumière,910
173064,Leaving Earth,911
15364,Vegas Showdown,912
393672,Gloomhaven: Buttons & Bugs,913
160495,ZhanGuo,914
372559,Spots,915
300877,New York Zoo,916
73171,Earth Reborn,917
8125,Santiago,918
169654,Deep Sea Adventure,919
22345,Yspahan,920
367518,Imperium: Horizons,921
68425,Eminent Domain,922
214887,CO₂: Second Chance,923
9823,Advanced Squad Leader: Starter Kit #1,924
181687,The Pursuit of Happiness,925
214029,SpaceCorp: 2025-2300AD,926
313889,Hoplomachus: Victorum,927
204516,878 Vikings: Invasions of England,928
393325,Captain Flip,929
198740,Lovecraft Letter,930
220520,Caverna: Cave vs Cave,931
251678,Railroad Ink: Blazing Red Edition,932
387780,Rats of Wistar,933
47185,Warhammer: Invasion,934
299047,Disney Villainous: Perfectly Wretched,935
256382,Disney Villainous: The Worst Takes it All,936
116998,Thunderstone Advance: Towers of Ruin,937
200147,Kanagawa,938
342444,Black Rose Wars: Rebirth,939
31563,Middle-Earth Quest,940
3307,Wallenstein,941
352418,Fliptown,942
358737,Leviathan Wilds,943
198830,"Heroes of Land, Air & Sea",944
256570,Crown of Emara,945
303731,Primal: The Awakening,946
218121,Dice Hospital,947
201825,Ex Libris,948
294612,Unlock!: Epic Adventures,949
239472,Abomination: The Heir of Frankenstein,950
407297,River Valley Glassworks,951
249277,Brazil: Imperial,952
161417,Red7,953
338760,Imperial Steam,954
373600,Cthulhu: Death May Die – Fear of the Unknown,955
254386,Raccoon Tycoon,956
156943,Saint Petersburg (Second Edition),957
231218,Black Sonata,958
434906,Tag Team,959
194879,Not Alone,960
285984,Last Bastion,961
359970,Challengers!,962
203417,EXIT: The Game – The Secret Lab,963
55600,Shipyard,964
43528,World Without End,965
179172,Unfair,966
332290,Stardew Valley: The Board Game,967
171273,FUSE,968
272739,Clinic: Deluxe Edition,969
271319,Las Vegas Royale,970
277700,Merchants Cove,971
234477,Battle for Rokugan,972
2163,Space Hulk,973
175117,Celestia,974
217780,Gentes,975
162286,Super Motherload,976
173442,Empires: Age of Discovery,977
170416,Vast: The Crystal Caverns,978
131287,Panamax,979
30645,Tammany Hall,980
329845,Stella: Dixit Universe,981
270314,Ohanami,982
160499,King of New York,983
56692,Parade,984
227460,Hannibal & Hamilcar,985
275467,Letter Jam,986
131260,Qwixx,987
192457,Cry Havoc,988
297129,Jekyll vs. Hyde,989
267319,Roam,990
281549,Beast,991
354544,Unmatched: Houdini vs. The Genie,992
122298,Morels,993
176165,Dale of Merchants,994
12002,Jambo,995
317457,Dinosaur World,996
218479,Cerebria: The Inside World,997
219215,Werewords,998
387378,MLEM: Space Agency,999
1035,Squad Leader,1000
197443,Fugitive,1001
179275,One Deck Dungeon,1002
196526,Coffee Roaster,1003
377470,Sail,1004
284818,Caylus 1303,1005
440540,Take Time,1006
2093,Mahjong,1007
230244,Black Angel,1008
91872,Dungeons & Dragons: The Legend of Drizzt Board Game,1009
36235,The Duke,1010
228867,Unlock!: Mystery Adventures,1011
216459,The Lost Expedition,1012
137988,Zombicide Season 2: Prison Outbreak,1013
402676,Cities,1014
156566,Lords of Xidit,1015
191051,Outlive,1016
252153,Tang Garden,1017
245643,Luxor,1018
239307,Unlock!: Secret Adventures,1019
234671,Pandemic: Rising Tide,1020
65244,Forbidden Island,1021
110277,Among the Stars,1022
528,ZÈRTZ,1023
385331,Creature Caravan,1024
163602,XCOM: The Board Game,1025
91514,Rhino Hero,1026
393429,Critter Kitchen,1027
586,Up Front,1028
422541,Star Trek: Captain's Chair,1029
12891,Friedrich: Anniversary Edition,1030
26997,1989: Dawn of Freedom,1031
228328,Rurik: Dawn of Kiev,1032
26990,Container,1033
137269,Spyrium,1034
30957,Tribune: Primus Inter Pares,1035
103886,Star Wars: The Card Game,1036
179803,Arcadia Quest: Inferno,1037
145659,Scoville,1038
41002,Vasco da Gama,1039
295293,The Thing: The Boardgame,1040
904,Nightmare Productions,1041
12962,Reef Encounter,1042
239464,Palm Island,1043
248065,Zombicide: Invader,1044
112,Condottiere,1045
368058,The Wolves,1046
210296,DinoGenics,1047
374595,Kelp: Shark vs Octopus,1048
329465,Red Rising,1049
324090,Scarface 1920,1050
296108,Terraforming Mars: The Dice Game,1051
343562,Horrified: American Monsters,1052
37380,Roll Through the Ages: The Bronze Age,1053
155362,Ca$h 'n Guns: Second Edition,1054
235488,Istanbul: The Dice Game,1055
268201,Dice Throne,1056
395375,Art Society,1057
38996,Washington's War,1058
119788,Hyperborea,1059
300217,Merchants of the Dark Road,1060
396989,Evenfall,1061
291508,Tiny Epic Dinosaurs,1062
295262,Sniper Elite: The Board Game,1063
177590,"13 Days: The Cuban Missile Crisis, 1962",1064
53953,Thunderstone,1065
352574,Fit to Print,1066
12902,Carcassonne: The City,1067
28181,Combat Commander: Pacific,1068
79127,Star Trek: Fleet Captains,1069
25669,Qwirkle,1070
447243,Duel for Cardia,1071
29368,Last Night on Earth: The Zombie Game,1072
173,Formula Dé,1073
393333,Galileo Galilei,1074
154458,Akrotiri,1075
420805,Black Forest,1076
272738,Jaws,1077
197405,Tak,1078
117915,Yedo,1079
1041,San Marco,1080
281474,Lands of Galzyr,1081
11971,Cockroach Poker,1082
326945,Castles of Mad King Ludwig: Collector's Edition,1083
172931,Outfoxed!,1084
271529,Botanik,1085
296345,Sherlock Holmes Consulting Detective: The Baker Street Irregulars,1086
94,Union Pacific,1087
422674,Saltfjord,1088
329873,Grove: 9 card solitaire game,1089
98229,Pictomania,1090
166384,Spyfall,1091
148319,Tragedy Looper,1092
360265,Sabika,1093
238992,Call to Adventure,1094
252526,Pictomania (Second Edition),1095
160851,Lanterns: The Harvest Festival,1096
129948,The Palaces of Carrara,1097
195137,Catacombs (Third Edition),1098
125678,DC Deck-Building Game,1099
357873,The Old King's Crown,1100
244992,The Mind,1101
318553,Rajas of the Ganges: The Dice Charmers,1102
325022,Coffee Traders,1103
199966,Kingsburg (Second Edition),1104
303553,Skulls of Sedlec,1105
281466,Yedo: Deluxe Master Set,1106
1345,Genoa,1107
59946,Dungeons & Dragons: Castle Ravenloft Board Game,1108
362452,Atiwa,1109
148575,Marvel Dice Masters: Avengers vs. X-Men,1110
113997,Tajemnicze Domostwo,1111
300753,Cross Clues,1112
202408,Adrenaline,1113
233262,Tidal Blades: Heroes of the Reef,1114
27588,Zooloretto,1115
309630,Small World of Warcraft,1116
402283,Courtisans,1117
147151,Concept,1118
318983,Faiyum,1119
193214,Meeple Circus,1120
305682,Rolling Realms,1121
207830,5-Minute Dungeon,1122
298065,Santa Monica,1123
223953,Kitchen Rush,1124
24800,Conflict of Heroes: Awakening the Bear! – Russia 1941-42,1125
242804,Lowlands,1126
245487,Orchard: 9 card solitaire game,1127
334011,A Gentle Rain,1128
35570,Tinners' Trail,1129
2181,Bridge,1130
177678,Signorie,1131
18098,Napoleon's Triumph,1132
9440,Maharaja: The Game of Palace Building in India,1133
340041,Kingdomino Origins,1134
8051,Attika,1135
38054,Snow Tails,1136
203427,Fabled Fruit,1137
313010,Cosmic Encounter: 42nd Anniversary Edition,1138
441696,Sanctuary,1139
270971,Era: Medieval Age,1140
108906,Thunder Alley,1141
368017,Point City,1142
66356,Dungeons & Dragons: Wrath of Ashardalon Board Game,1143
284108,Pictures,1144
375651,That's Not a Hat,1145
201921,Tiny Epic Quest,1146
293207,Eila and Something Shiny,1147
191977,The Castles of Burgundy: The Card Game,1148
276894,Ticket to Ride: London,1149
8203,"Hey, That's My Fish!",1150
41066,Virgin Queen,1151
26566,Homesteaders,1152
158889,Summoner Wars: Alliances Master Set,1153
172047,The Others,1154
491,Web of Power,1155
295607,Canopy,1156
13642,Louis XIV,1157
195560,Wasteland Express Delivery Service,1158
154086,Gold West,1159
368432,The Fox Experiment,1160
212402,The Grimm Forest,1161
327778,ito,1162
245476,CuBirds,1163
15817,Manila,1164
681,Quarto,1165
352697,Resist!,1166
241266,Little Town,1167
66056,Rivals for Catan,1168
139898,Brew Crafters,1169
229892,Container: 10th Anniversary Jumbo Edition!,1170
228504,Cat Lady,1171
240,Britannia,1172
227515,Riverboat,1173
279254,Ecos: First Continent,1174
151004,Smash Up: Science Fiction Double Feature,1175
98351,Core Worlds,1176
422780,Mistborn: The Deckbuilding Game,1177
342848,World of Warcraft: Wrath of the Lich King,1178
381249,Rebel Princess,1179
393165,Inferno,1180
360692,Septima,1181
153065,Linko,1182
106217,Hawaii,1183
335212,Sentinels of the Multiverse: Definitive Edition,1184
195314,Herbaceous,1185
402679,Rock Hard: 1977,1186
169124,Flick 'em Up!,1187
266722,Rumble Nation,1188
177524,ICECOOL,1189
132028,Conflict of Heroes: Awakening the Bear! – Operation Barbarossa 1941 (Second Edition),1190
52461,Legacy: The Testament of Duke de Crecy,1191
40793,Dice Town,1192
1382,Winner's Circle,1193
27976,Heroscape Master Set: Swarm of the Marro,1194
191300,Archaeology: The New Expedition,1195
156689,Legendary: A Marvel Deck Building Game – Villains,1196
108784,Ascension: Storm of Souls,1197
287084,Oriflamme,1198
244654,Wildlands,1199
65901,Age of Industry,1200
